<?xml version="1.0" encoding="UTF-8"?>
<!DOCTYPE hibernate-configuration PUBLIC
 "-//Hibernate/Hibernate Configuration DTD 3.0//EN"
 "http://www.hibernate.org/dtd/hibernate-configuration-3.0.dtd">
<hibernate-configuration>
    <session-factory>
 
        <!-- Database connection settings -->
 
        <property name ="connection.driver_class" >com.mysql.jdbc.Driver</property >
        <property name ="connection.url">jdbc:mysql://localhost:3306/koperasi</property>
        <property name ="connection.username" >root</property>
        <property name ="connection.password"></property>

        <!-- SQL dialect -->
        <property name = "dialect" > org.hibernate.dialect.MySQL5Dialect </property >
        <!--Echo all executed SQL to stdout -->
 
        <property name = "show_sql" > true </property>
        <mapping class="org.kioskita.model.Barang"/>
        <mapping class="org.kioskita.model.Pembelian"/>
        <mapping class="org.kioskita.model.Penjualan"/>
        <mapping class="org.kioskita.model.Akun"/>
        <mapping class="org.kioskita.model.Menejer"/>
        <mapping class="org.kioskita.model.Pegawai"/>
        <mapping class="org.kioskita.model.LaporanPembelian"/>
        <mapping class="org.kioskita.model.LaporanPenjualan"/>
    </session-factory>
</hibernate-configuration>
