<?xml version="1.0" encoding="UTF-8"?>
<project-private xmlns="http://www.netbeans.org/ns/project-private/1">
    <editor-bookmarks xmlns="http://www.netbeans.org/ns/editor-bookmarks/2" lastBookmarkId="0"/>
    <open-files xmlns="http://www.netbeans.org/ns/projectui-open-files/2">
        <group>
            <file>file:/D:/PERKULIAHAN_1S14009_RANTY/CODE/The%20Real%20of%20Object%20Oriented/Kios%20Kita/src/org/kioskita/controller/ControllerLaporanPenjualan.java</file>
            <file>file:/D:/PERKULIAHAN_1S14009_RANTY/CODE/The%20Real%20of%20Object%20Oriented/Kios%20Kita/src/org/kioskita/controller/ControllerLaporanPembelian.java</file>
        </group>
    </open-files>
</project-private>
